probeID	ind.fdr
cg21184174	1.21909102942542e-40
cg10140638	1.21909102942542e-40
cg15705999	7.07600494599398e-35
cg10453758	1.46814254902807e-15
cg19616230	1.68183562311108e-37
cg01737507	2.57860538291018e-31
cg11166252	7.64855238342694e-38
cg20098659	1.25262172354218e-15
cg16317961	3.16185529291128e-31
cg18644543	3.80321850199832e-35
cg23181133	1.82140689931607e-12
cg00782174	1.97110290391493e-42
cg06497752	2.87962478288411e-35
cg14095850	2.12822445064093e-29
